{"cameraMode":{"drawMode":0,"name":"Shaded","section":"Shading Mode"},"sceneLighting":false,"audioPlay":false,"sceneViewState":{"showFog":true,"showMaterialUpdate":false,"showSkybox":false,"showFlares":true,"showImageEffects":true,"showParticleSystems":true},"in2DMode":false,"pivot":{"x":0.007731437683105469,"y":3.935964822769165,"z":-0.09169697761535645},"rotation":{"x":0.055482156574726108,"y":-0.10434848815202713,"z":0.005782619118690491,"w":0.9930310845375061},"size":7.723237037658691,"orthographic":false}