{"cameraMode":{"drawMode":0,"name":"Shaded","section":"Shading Mode"},"sceneLighting":true,"audioPlay":false,"sceneViewState":{"showFog":true,"showMaterialUpdate":false,"showSkybox":true,"showFlares":true,"showImageEffects":true,"showParticleSystems":true},"in2DMode":false,"pivot":{"x":-111.97999572753906,"y":-14.764694213867188,"z":6.2804718017578129},"rotation":{"x":-0.5394155383110046,"y":-0.25020936131477358,"z":0.17183157801628114,"w":-0.7854034900665283},"size":213.11488342285157,"orthographic":false}