{"cameraMode":{"drawMode":0,"name":"Shaded","section":"Shading Mode"},"sceneLighting":true,"audioPlay":false,"sceneViewState":{"showFog":true,"showMaterialUpdate":false,"showSkybox":true,"showFlares":true,"showImageEffects":true,"showParticleSystems":true},"in2DMode":false,"pivot":{"x":-1.1088409423828126,"y":-2.6714420318603517,"z":4.453914165496826},"rotation":{"x":-0.17515389621257783,"y":0.7991037368774414,"z":-0.27801433205604555,"w":-0.5034489035606384},"size":7.5430498123168949,"orthographic":false}