{"cameraMode":{"drawMode":0,"name":"Shaded","section":"Shading Mode"},"sceneLighting":true,"audioPlay":false,"sceneViewState":{"showFog":true,"showMaterialUpdate":false,"showSkybox":true,"showFlares":true,"showImageEffects":true,"showParticleSystems":true},"in2DMode":false,"pivot":{"x":113.31157684326172,"y":376.8060302734375,"z":504.91522216796877},"rotation":{"x":0.2219434678554535,"y":-0.002931090071797371,"z":0.0006629074923694134,"w":0.9750493168830872},"size":609.4429931640625,"orthographic":false}